City_ID,City,Country,Date,Lat,Lng,Max Temp,Humidity,Cloudiness,Wind Speed
0,Verkhovazhye,RU,2021-03-27 18:25:37,60.7472,42.0465,22.98,98,42,1.3
1,Avarua,CK,2021-03-27 18:29:05,-21.2078,-159.775,80.6,83,90,11.5
2,Kosa,RU,2021-03-27 18:29:05,59.9445,54.9977,19.94,94,9,5.08
3,Busselton,AU,2021-03-27 18:29:05,-33.65,115.3333,55.99,92,18,8.3
4,Cartagena,CO,2021-03-27 18:29:06,10.3997,-75.5144,89.6,58,40,16.11
5,Gazojak,TM,2021-03-27 18:29:06,41.1875,61.4036,56.26,40,64,9.86
6,Tasiilaq,GL,2021-03-27 18:29:06,65.6145,-37.6368,15.8,57,90,26.46
7,Hilo,US,2021-03-27 18:26:10,19.7297,-155.09,73.4,60,40,5.75
8,Myanaung,MM,2021-03-27 18:29:07,18.2833,95.3167,83.53,32,17,2.35
9,Kapaa,US,2021-03-27 18:25:55,22.0752,-159.319,73.4,83,40,13.8
10,Raudeberg,NO,2021-03-27 18:29:07,61.9875,5.1352,39.0,93,72,12.08
11,Churapcha,RU,2021-03-27 18:29:08,62.0025,132.4325,17.06,97,100,2.21
12,Maragogi,BR,2021-03-27 18:29:08,-9.0122,-35.2225,82.44,70,72,9.28
13,Arraial Do Cabo,BR,2021-03-27 18:25:44,-22.9661,-42.0278,93.2,70,0,16.11
14,Matagami,CA,2021-03-27 18:29:08,49.7502,-77.6328,33.8,34,1,4.61
15,Upata,VE,2021-03-27 18:29:09,8.0086,-62.3989,84.33,48,95,8.37
16,Mahebourg,MU,2021-03-27 18:22:19,-20.4081,57.7,75.2,94,75,6.91
17,Albany,US,2021-03-27 18:26:45,42.6001,-73.9662,57.99,41,29,3.0
18,Kasulu,TZ,2021-03-27 18:29:09,-4.5767,30.1025,77.0,83,40,0.78
19,Port Alfred,ZA,2021-03-27 18:25:52,-33.5906,26.891,67.24,72,19,19.39
20,Antalaha,MG,2021-03-27 18:29:10,-14.9003,50.2788,77.43,90,99,5.28
21,Butaritari,KI,2021-03-27 18:22:16,3.0707,172.7902,81.16,78,96,13.78
22,Mataura,NZ,2021-03-27 18:25:49,-46.1927,168.8643,55.99,93,60,1.97
23,Punta Arenas,CL,2021-03-27 18:25:48,-53.15,-70.9167,66.2,48,40,20.71
24,Hithadhoo,MV,2021-03-27 18:25:45,-0.6,73.0833,84.25,70,96,13.44
25,Atuona,PF,2021-03-27 18:25:44,-9.8,-139.0333,80.33,79,79,20.15
26,Tiksi,RU,2021-03-27 18:21:03,71.6872,128.8694,7.02,98,100,0.45
27,La Rioja,ES,2021-03-27 18:29:11,42.25,-2.5,60.8,48,0,6.91
28,Bredasdorp,ZA,2021-03-27 18:25:00,-34.5322,20.0403,62.6,59,91,2.3
29,Pangoa,PE,2021-03-27 18:29:11,-12.1167,-73.0,85.93,53,35,4.05
30,Birao,CF,2021-03-27 18:29:11,10.2849,22.7882,87.1,11,38,7.94
31,Cape Town,ZA,2021-03-27 18:24:41,-33.9258,18.4232,64.99,67,0,14.97
32,Cam Ranh,VN,2021-03-27 18:29:12,11.9214,109.1591,75.2,94,20,2.3
33,Kodiak,US,2021-03-27 18:22:44,57.79,-152.4072,32.0,43,1,18.41
34,Ostersund,SE,2021-03-27 18:29:12,63.1792,14.6357,36.0,93,90,10.36
35,Tuktoyaktuk,CA,2021-03-27 18:22:22,69.4541,-133.0374,-22.0,76,90,3.44
36,Thompson,CA,2021-03-27 18:26:00,55.7435,-97.8558,21.2,58,75,13.8
37,Barrow,US,2021-03-27 18:26:20,71.2906,-156.7887,-16.6,91,1,3.44
38,Minsk Mazowiecki,PL,2021-03-27 18:29:13,52.1794,21.5725,50.0,76,97,13.82
39,Aksu,CN,2021-03-27 18:26:58,41.1231,80.2644,57.9,36,38,7.74
40,Palia Kalan,IN,2021-03-27 18:29:13,28.45,80.5833,73.51,16,0,3.98
41,Rikitea,PF,2021-03-27 18:29:14,-23.1203,-134.9692,79.12,72,19,20.09
42,Hermanus,ZA,2021-03-27 18:20:59,-34.4187,19.2345,62.01,73,58,12.24
43,Tura,IN,2021-03-27 18:26:08,25.5198,90.2201,71.78,15,0,3.58
44,Manyana,BW,2021-03-27 18:29:14,-23.4,21.7167,73.26,36,0,8.28
45,Chokurdakh,RU,2021-03-27 18:29:15,70.6333,147.9167,-4.85,90,99,5.32
46,Komsomolskiy,UZ,2021-03-27 18:29:15,40.4272,71.7189,55.4,82,100,6.91
47,Puerto Ayora,EC,2021-03-27 18:22:24,-0.7393,-90.3518,82.4,74,20,11.5
48,Upernavik,GL,2021-03-27 18:26:26,72.7868,-56.1549,-22.04,76,3,4.45
49,Qaanaaq,GL,2021-03-27 18:23:10,77.484,-69.3632,-6.84,75,100,3.85
50,Kahului,US,2021-03-27 18:24:21,20.8947,-156.47,75.2,83,20,8.05
51,Mayo,US,2021-03-27 18:26:20,38.8876,-76.5119,68.0,63,1,11.5
52,Isangel,VU,2021-03-27 18:29:17,-19.55,169.2667,76.96,88,7,7.74
53,Najran,SA,2021-03-27 18:29:17,17.4924,44.1277,80.6,12,0,4.61
54,Kruisfontein,ZA,2021-03-27 18:26:16,-34.0033,24.7314,64.0,70,16,3.0
55,Nouadhibou,MR,2021-03-27 18:29:18,20.931,-17.0347,68.0,77,0,20.71
56,Aasiaat,GL,2021-03-27 18:24:53,68.7098,-52.8699,-17.09,88,72,5.91
57,Omboue,GA,2021-03-27 18:25:21,-1.5746,9.2618,79.25,86,89,7.14
58,Ostrovnoy,RU,2021-03-27 18:21:09,68.0531,39.5131,33.08,82,76,25.01
59,Hobyo,SO,2021-03-27 18:26:31,5.3505,48.5268,80.82,77,19,15.14
60,Gambo,CF,2021-03-27 18:29:19,4.6482,22.2633,76.73,65,37,4.23
61,Iracoubo,GF,2021-03-27 18:29:19,5.4802,-53.2011,80.8,78,61,9.84
62,Saint-Philippe,RE,2021-03-27 18:23:03,-21.3585,55.7679,77.0,94,0,3.44
63,Klyuchi,RU,2021-03-27 18:29:19,52.2667,79.1667,34.3,93,100,11.39
64,Bluff,NZ,2021-03-27 18:26:05,-46.6,168.3333,55.99,93,88,1.03
65,Denpasar,ID,2021-03-27 18:26:45,-8.65,115.2167,82.4,89,40,3.44
66,Prince Rupert,CA,2021-03-27 18:24:53,54.3161,-130.3201,44.6,93,90,17.27
67,Strelka,RU,2021-03-27 18:29:20,58.0728,93.0344,28.4,96,100,5.1
68,Ushuaia,AR,2021-03-27 18:23:23,-54.8,-68.3,57.2,67,75,20.71
69,Kiama,AU,2021-03-27 18:29:20,-34.6833,150.8667,62.01,87,33,1.99
70,Nome,US,2021-03-27 18:25:41,64.5011,-165.4064,-5.01,84,1,4.83
71,Sistranda,NO,2021-03-27 18:29:21,63.7256,8.834,41.0,81,75,10.36
72,Boddam,GB,2021-03-27 18:29:21,57.4667,-1.7833,44.6,61,100,13.8
73,Kirksville,US,2021-03-27 18:29:22,40.1948,-92.5833,64.4,55,20,13.8
74,Dikson,RU,2021-03-27 18:25:53,73.5069,80.5464,-19.07,100,75,8.01
75,Vaini,TO,2021-03-27 18:25:43,-21.2,-175.2,78.8,94,20,8.05
76,Asau,RO,2021-03-27 18:26:52,46.4333,26.4,43.0,45,8,4.97
77,San Luis,AR,2021-03-27 18:29:18,-33.295,-66.3356,65.7,33,1,10.29
78,Usogorsk,RU,2021-03-27 18:29:22,63.4106,48.6872,19.44,96,21,2.73
79,Yasothon,TH,2021-03-27 18:29:23,15.75,104.1333,88.0,58,84,4.09
80,Pathein,MM,2021-03-27 18:29:23,16.7833,94.7333,76.71,81,19,6.22
81,Rio Gallegos,AR,2021-03-27 18:23:39,-51.6226,-69.2181,64.4,45,75,17.27
82,West Bay,KY,2021-03-27 18:29:24,19.3667,-81.4167,87.8,55,20,12.66
83,Kathu,TH,2021-03-27 18:29:24,7.9178,98.3332,82.4,83,75,3.44
84,Torbay,CA,2021-03-27 18:26:11,47.6666,-52.7314,30.0,100,90,27.63
85,Longyearbyen,SJ,2021-03-27 18:22:37,78.2186,15.6401,24.8,80,75,32.21
86,Kollam,IN,2021-03-27 18:29:25,8.8833,76.6,86.0,70,40,3.44
87,Ormara,PK,2021-03-27 18:24:51,25.2088,64.6357,78.06,81,14,13.49
88,Pithapuram,IN,2021-03-27 18:29:25,17.1167,82.2667,78.39,74,21,1.52
89,Champerico,GT,2021-03-27 18:29:26,14.3,-91.9167,93.2,100,40,6.91
90,Port Macquarie,AU,2021-03-27 18:26:06,-31.4333,152.9167,60.8,94,4,6.91
91,Bhuj,IN,2021-03-27 18:29:26,23.2667,69.6667,81.59,30,3,9.28
92,Ringebu,NO,2021-03-27 18:29:26,61.5167,10.1667,31.19,93,100,0.94
93,Port Hardy,CA,2021-03-27 18:23:05,50.6996,-127.4199,46.4,87,90,8.05
94,Yumen,CN,2021-03-27 18:29:27,40.2833,97.2,47.26,42,100,6.58
95,Marsh Harbour,BS,2021-03-27 18:29:27,26.5412,-77.0636,77.36,70,8,16.15
96,Concordia,AR,2021-03-27 18:29:28,-31.393,-58.0209,70.0,73,75,9.22
97,Yar-Sale,RU,2021-03-27 18:29:28,66.8333,70.8333,-6.02,99,12,8.28
98,Provideniya,RU,2021-03-27 18:25:47,64.3833,-173.3,-4.49,100,100,4.34
99,Georgetown,MY,2021-03-27 18:22:17,5.4112,100.3354,82.4,89,20,5.66
100,Nanortalik,GL,2021-03-27 18:29:29,60.1432,-45.2371,10.42,69,17,21.23
101,Kpandae,GH,2021-03-27 18:29:29,8.4689,-0.0113,85.46,56,44,7.45
102,Flinders,AU,2021-03-27 18:26:10,-34.5833,150.8552,62.01,82,24,1.01
103,Kununurra,AU,2021-03-27 18:24:54,-15.7667,128.7333,77.0,100,89,2.75
104,La Ronge,CA,2021-03-27 18:29:30,55.1001,-105.2842,23.0,58,89,4.61
105,Katsuura,JP,2021-03-27 18:26:18,35.1333,140.3,61.0,73,100,3.0
106,Bako,ET,2021-03-27 18:28:22,5.7833,36.5667,72.18,38,100,2.93
107,Saint-Pierre,RE,2021-03-27 18:29:31,-21.3393,55.4781,77.0,94,0,3.44
108,Bethel,US,2021-03-27 18:22:07,41.3712,-73.414,64.0,39,90,6.91
109,Salalah,OM,2021-03-27 18:26:05,17.0151,54.0924,80.6,74,0,4.61
110,Porosozero,RU,2021-03-27 18:29:31,62.7191,32.727,32.65,95,84,6.73
111,Kavieng,PG,2021-03-27 18:26:15,-2.5744,150.7967,81.07,79,95,14.34
112,Esperance,AU,2021-03-27 18:26:24,-33.8667,121.9,59.0,94,72,6.91
113,Laguna,US,2021-03-27 18:29:32,38.421,-121.4238,64.99,39,1,6.91
114,Hambantota,LK,2021-03-27 18:23:51,6.1241,81.1185,77.0,100,75,2.3
115,Los Llanos De Aridane,ES,2021-03-27 18:27:38,28.6585,-17.9182,69.8,56,75,6.91
116,Ambilobe,MG,2021-03-27 18:29:32,-13.2,49.05,74.53,95,100,2.1
117,Arkhara,RU,2021-03-27 18:29:32,49.4212,130.0842,33.4,94,100,5.35
118,Neryungri,RU,2021-03-27 18:29:33,56.6709,124.6491,20.5,96,100,3.13
119,East London,ZA,2021-03-27 18:26:06,-33.0153,27.9116,66.2,68,0,13.8
120,Mackay,AU,2021-03-27 18:29:33,-21.15,149.2,69.8,94,0,4.61
121,Port Elizabeth,ZA,2021-03-27 18:25:41,-33.918,25.5701,62.6,77,0,11.5
122,New Norfolk,AU,2021-03-27 18:26:31,-42.7826,147.0587,52.0,82,62,3.98
123,Saldanha,ZA,2021-03-27 18:26:32,-33.0117,17.9442,60.8,63,0,14.97
124,Sitka,US,2021-03-27 18:23:58,57.0531,-135.33,33.8,93,90,9.22
125,Garowe,SO,2021-03-27 18:29:34,8.4054,48.4845,77.49,60,40,18.07
126,Cherskiy,RU,2021-03-27 18:25:54,68.75,161.3,-22.23,99,31,5.12
127,Inirida,CO,2021-03-27 18:25:08,3.8653,-67.9239,84.79,74,77,2.13
128,Jamestown,US,2021-03-27 18:25:42,42.097,-79.2353,61.0,54,1,7.11
129,Avera,US,2021-03-27 18:25:59,33.194,-82.5271,79.0,78,40,11.5
130,Svetlogorsk,BY,2021-03-27 18:27:01,52.6333,29.7333,44.96,65,22,3.22
131,Boralday,KZ,2021-03-27 18:29:35,43.3578,76.8594,50.0,93,90,17.9
132,Ola,RU,2021-03-27 18:29:35,59.5833,151.2833,-6.27,98,97,5.14
133,Antofagasta,CL,2021-03-27 18:29:36,-23.65,-70.4,73.0,63,20,12.66
134,Siocon,PH,2021-03-27 18:29:36,7.7061,122.1353,78.58,84,91,7.31
135,Marsassoum,SN,2021-03-27 18:29:36,12.8275,-15.9806,95.0,43,0,11.5
136,Kavaratti,IN,2021-03-27 18:26:44,10.5669,72.642,84.2,74,98,8.88
137,Kashan,IR,2021-03-27 18:29:36,33.9831,51.4364,68.04,16,0,13.58
138,Cayenne,GF,2021-03-27 18:21:25,4.9333,-52.3333,86.0,70,75,14.97
139,Ponta Delgada,PT,2021-03-27 18:29:37,37.7333,-25.6667,60.8,59,20,11.5
140,Lorengau,PG,2021-03-27 18:26:18,-2.0226,147.2712,80.76,78,99,8.1
141,Zhigansk,RU,2021-03-27 18:25:54,66.7697,123.3711,4.33,98,94,5.14
142,Juneau,US,2021-03-27 18:28:58,58.3019,-134.4197,33.8,86,90,8.05
143,Grand-Santi,GF,2021-03-27 18:29:18,4.25,-54.3833,87.82,53,81,4.36
144,Taltal,CL,2021-03-27 18:29:38,-25.4,-70.4833,68.7,67,10,5.26
145,Berlevag,NO,2021-03-27 18:27:04,70.8578,29.0864,37.69,87,99,19.04
146,Roseburg,US,2021-03-27 18:24:51,43.2165,-123.3417,59.0,71,1,0.89
147,Clyde River,CA,2021-03-27 18:26:52,70.4692,-68.5914,-0.4,71,75,1.77
148,Visby,SE,2021-03-27 18:29:08,57.6409,18.296,42.8,87,40,12.66
149,Kudirkos Naumiestis,LT,2021-03-27 18:29:38,54.7731,22.8631,50.63,67,85,13.58
150,Paciran,ID,2021-03-27 18:29:39,-6.8767,112.3761,79.21,84,88,0.54
151,Saskylakh,RU,2021-03-27 18:26:14,71.9167,114.0833,-13.07,100,100,1.39
152,Sabha,LY,2021-03-27 18:29:39,27.0377,14.4283,63.43,19,0,10.22
153,Mercedes,AR,2021-03-27 18:29:39,-34.6515,-59.4307,69.01,76,100,5.01
154,Dudinka,RU,2021-03-27 18:27:08,69.4058,86.1778,2.61,91,91,7.9
155,Malanje,AO,2021-03-27 18:29:40,-9.5402,16.341,66.69,88,94,3.47
156,Ancud,CL,2021-03-27 18:22:51,-41.8697,-73.8203,64.4,63,0,5.75
157,Llanelli,GB,2021-03-27 18:29:40,51.682,-4.1619,48.99,87,75,21.85
158,Castro,BR,2021-03-27 18:29:41,-24.7911,-50.0119,81.75,51,94,4.63
159,Hobart,AU,2021-03-27 18:25:58,-42.8794,147.3294,52.0,82,51,8.05
160,Yellowknife,CA,2021-03-27 18:22:53,62.456,-114.3525,21.0,62,75,10.36
161,Rong Kwang,TH,2021-03-27 18:29:41,18.339,100.3174,84.0,37,81,2.24
162,Tabas,IR,2021-03-27 18:29:42,33.5959,56.9244,80.6,20,83,9.84
163,Vila Franca Do Campo,PT,2021-03-27 18:23:16,37.7167,-25.4333,60.8,59,20,11.5
164,Tiarei,PF,2021-03-27 18:29:42,-17.5333,-149.3333,78.8,83,75,3.44
165,Chifeng,CN,2021-03-27 18:27:10,42.2683,118.9636,52.0,62,36,19.62
166,Opotiki,NZ,2021-03-27 18:29:42,-38.0833,177.2833,59.0,94,100,2.66
167,Ilulissat,GL,2021-03-27 18:26:17,69.2167,-51.1,-9.4,45,40,6.91
168,Soyo,AO,2021-03-27 18:29:43,-6.1349,12.3689,81.01,78,99,9.71
169,Ponta Do Sol,PT,2021-03-27 18:26:36,32.6667,-17.1,59.0,61,100,1.01
170,Khatanga,RU,2021-03-27 18:26:11,71.9667,102.5,3.02,94,100,7.38
171,Vardo,NO,2021-03-27 18:26:08,70.3705,31.1107,37.09,94,99,24.14
172,Port Blair,IN,2021-03-27 18:29:44,11.6667,92.75,81.77,78,96,4.12
173,Cairns,AU,2021-03-27 18:29:44,-16.9167,145.7667,77.0,88,75,8.05
174,Airai,TL,2021-03-27 18:22:42,-8.9266,125.4092,59.88,93,100,2.28
175,Atar,MR,2021-03-27 18:25:38,20.5169,-13.0499,98.6,23,1,4.61
176,Furukawa,JP,2021-03-27 18:29:45,38.5717,140.9556,43.29,84,100,3.74
177,Limbang,MY,2021-03-27 18:29:45,4.75,115.0,77.0,100,75,3.44
178,Young,UY,2021-03-27 18:29:45,-32.6833,-57.6333,69.01,78,76,5.99
179,Paita,PE,2021-03-27 18:29:46,-5.0892,-81.1144,89.6,43,0,12.66
180,Karratha,AU,2021-03-27 18:29:46,-20.7377,116.8463,82.92,67,78,7.31
181,Haines Junction,CA,2021-03-27 18:23:17,60.7522,-137.5108,24.8,68,99,5.75
182,Alofi,NU,2021-03-27 18:25:54,-19.0595,-169.9187,77.0,94,15,3.44
183,Mount Isa,AU,2021-03-27 18:29:47,-20.7333,139.5,80.6,28,0,11.5
184,Bathsheba,BB,2021-03-27 18:29:47,13.2167,-59.5167,82.4,57,40,20.71
185,Wahiawa,US,2021-03-27 18:26:23,21.5028,-158.0236,77.0,69,1,4.61
186,Pisco,PE,2021-03-27 18:26:51,-13.7,-76.2167,72.0,73,0,10.36
187,Faya,SA,2021-03-27 18:29:48,18.3851,42.4509,66.2,63,0,5.75
188,Pevek,RU,2021-03-27 18:29:48,69.7008,170.3133,-22.7,98,84,3.91
189,Tshikapa,CD,2021-03-27 18:27:06,-6.4167,20.8,71.08,93,96,2.71
190,Yining,CN,2021-03-27 18:29:49,29.0361,114.5636,57.81,93,30,1.21
191,Sao Filipe,CV,2021-03-27 18:29:49,14.8961,-24.4956,71.53,69,2,20.15
192,Guerrero Negro,MX,2021-03-27 18:26:07,27.9769,-114.0611,67.21,39,0,5.44
193,Norman Wells,CA,2021-03-27 18:26:38,65.282,-126.8329,6.8,78,90,10.36
194,Mareeba,AU,2021-03-27 18:29:49,-17.0,145.4333,77.0,88,75,8.05
195,Mahon,ES,2021-03-27 18:29:50,39.8885,4.2658,55.4,71,0,13.8
196,Tuatapere,NZ,2021-03-27 18:25:51,-46.1333,167.6833,55.99,93,98,1.3
197,Sala Consilina,IT,2021-03-27 18:29:50,40.3912,15.5989,52.0,84,97,1.99
198,Castel Maggiore,IT,2021-03-27 18:29:51,44.5771,11.3607,57.2,67,0,2.3
199,Lagoa,PT,2021-03-27 18:26:26,39.05,-27.9833,59.11,85,69,13.04
200,Klaksvik,FO,2021-03-27 18:29:51,62.2266,-6.589,39.2,87,75,24.16
201,Dong Xoai,VN,2021-03-27 18:29:51,11.5333,106.9167,76.55,76,74,5.53
202,Cabo San Lucas,MX,2021-03-27 18:29:52,22.8909,-109.9124,78.01,60,1,4.92
203,Iqaluit,CA,2021-03-27 18:26:22,63.7506,-68.5145,-9.4,70,40,3.44
204,Lima,PE,2021-03-27 18:26:47,-12.0432,-77.0282,75.0,68,0,6.91
205,Dhidhdhoo,MV,2021-03-27 18:25:51,6.8833,73.1,83.39,76,100,11.21
206,Hofn,IS,2021-03-27 18:26:56,64.2539,-15.2082,25.34,93,100,23.53
207,Hamilton,US,2021-03-27 18:29:53,39.1834,-84.5333,69.01,55,1,9.22
208,Sao Joao Da Barra,BR,2021-03-27 18:26:37,-21.6403,-41.0511,87.8,58,20,10.36
209,Bushehr,IR,2021-03-27 18:29:53,28.9684,50.8385,75.2,60,0,24.16
210,Nova Olimpia,BR,2021-03-27 18:29:53,-14.7972,-57.2881,90.99,45,1,3.04
211,Saint-Georges,GD,2021-03-27 18:29:54,12.0564,-61.7485,84.2,65,20,26.46
212,Port-Gentil,GA,2021-03-27 18:29:54,-0.7193,8.7815,80.6,83,20,4.61
213,Krasnoselkup,RU,2021-03-27 18:29:54,65.7,82.4667,0.75,98,69,8.23
214,Constitucion,CL,2021-03-27 18:29:55,-35.3333,-72.4167,70.32,44,39,15.17
215,Northam,GB,2021-03-27 18:29:55,51.0333,-4.2167,52.0,81,99,5.99
216,Muros,ES,2021-03-27 18:26:51,42.7762,-9.0603,62.01,50,0,6.17
217,Waingapu,ID,2021-03-27 18:29:56,-9.6567,120.2641,78.42,84,98,4.32
218,Cidreira,BR,2021-03-27 18:26:17,-30.1811,-50.2056,79.99,66,92,8.55
219,Naryan-Mar,RU,2021-03-27 18:29:56,67.6713,53.087,21.36,89,66,12.39
220,Noumea,NC,2021-03-27 18:29:56,-22.2763,166.4572,80.01,94,0,1.14
221,Pochutla,MX,2021-03-27 18:29:57,15.7432,-96.4661,91.0,40,1,12.66
222,Olavarria,AR,2021-03-27 18:29:57,-36.8927,-60.3225,57.99,100,100,5.01
223,Senador Guiomard,BR,2021-03-27 18:29:58,-10.1522,-67.7392,86.0,70,40,8.05
224,Mar Del Plata,AR,2021-03-27 18:22:30,-38.0023,-57.5575,66.0,77,75,25.32
225,Kaitangata,NZ,2021-03-27 18:23:04,-46.2817,169.8464,53.64,78,38,5.12
226,West Hartford,US,2021-03-27 18:29:58,41.762,-72.742,64.0,36,1,14.97
227,Santa Rosa,PH,2021-03-27 18:29:58,14.3122,121.1114,82.4,74,20,6.91
228,Luangwa,ZM,2021-03-27 18:29:59,-15.6167,30.4167,77.18,74,51,2.19
229,Kencong,ID,2021-03-27 18:29:59,-8.2833,113.3667,76.66,89,84,2.3
230,Narsaq,GL,2021-03-27 18:26:48,60.9167,-46.05,8.6,40,75,6.91
231,Broome,US,2021-03-27 18:26:36,42.2506,-75.833,57.0,62,90,4.25
232,Buala,SB,2021-03-27 18:30:00,-8.145,159.5921,79.9,83,50,7.9
233,Kharovsk,RU,2021-03-27 18:30:00,59.9642,40.1912,29.8,98,100,3.96
234,Chuy,UY,2021-03-27 18:25:46,-33.6971,-53.4616,75.15,80,91,2.17
235,Kathmandu,NP,2021-03-27 18:28:08,27.7167,85.3167,59.0,63,20,2.3
236,Ust-Nera,RU,2021-03-27 18:26:41,64.5667,143.2,-6.65,99,97,3.65
237,Kantunil,MX,2021-03-27 18:30:01,20.8,-89.0333,96.01,38,75,23.02
238,Padang,ID,2021-03-27 18:26:23,-0.9492,100.3543,78.8,94,75,3.44
239,Aklavik,CA,2021-03-27 18:30:01,68.2191,-135.0107,-9.4,77,75,8.05
240,Deputatskiy,RU,2021-03-27 18:30:02,69.3,139.9,-1.84,98,100,1.92
241,Alekseyevsk,RU,2021-03-27 18:30:02,57.8406,108.3492,13.37,97,99,3.67
242,Sibolga,ID,2021-03-27 18:30:02,1.7427,98.7792,76.71,87,100,3.02
243,Meulaboh,ID,2021-03-27 18:30:03,4.1363,96.1285,75.69,91,93,3.62
244,Menongue,AO,2021-03-27 18:30:03,-14.6585,17.691,63.68,94,72,1.66
245,Fortuna,US,2021-03-27 18:22:04,40.5982,-124.1573,59.0,67,1,2.62
246,Zwedru,LR,2021-03-27 18:30:04,6.0667,-8.1281,74.66,94,97,4.05
247,Rawson,AR,2021-03-27 18:25:31,-43.3002,-65.1023,79.39,17,52,18.03
248,Liverpool,GB,2021-03-27 18:30:05,53.4106,-2.9779,51.8,66,75,12.66
249,Krasnouralsk,RU,2021-03-27 18:30:05,58.3638,60.0407,21.51,93,8,5.03
250,Svetlyy,RU,2021-03-27 18:30:06,54.675,20.1347,41.0,93,75,17.9
251,Gallup,US,2021-03-27 18:30:06,35.5281,-108.7426,44.6,53,1,12.66
252,Hvide Sande,DK,2021-03-27 18:30:06,56.0045,8.1294,41.0,83,6,3.0
253,Urengoy,RU,2021-03-27 18:30:07,65.9667,78.3667,3.99,95,98,13.38
254,San Carlos Del Zulia,VE,2021-03-27 18:30:08,9.0,-71.9135,82.31,70,100,3.94
255,Vila Velha,BR,2021-03-27 18:23:08,-20.3297,-40.2925,84.2,70,20,13.8
256,San Cristobal,VE,2021-03-27 18:27:00,7.7669,-72.225,77.0,94,75,6.91
257,Tessalit,ML,2021-03-27 18:22:52,20.1986,1.0114,81.28,5,0,11.97
258,Tomatlan,MX,2021-03-27 18:26:56,19.9333,-105.25,88.2,21,2,7.61
259,San Carlos De Bariloche,AR,2021-03-27 18:30:08,-41.1456,-71.3082,73.99,18,0,9.22
260,General Pico,AR,2021-03-27 18:30:09,-35.6566,-63.7568,58.06,83,100,11.36
261,Rabaul,PG,2021-03-27 18:30:10,-4.1967,152.1721,78.82,79,100,5.35
262,Kem,RU,2021-03-27 18:30:10,64.9555,34.5793,32.27,91,100,10.11
263,Ulaangom,MN,2021-03-27 18:30:11,49.9811,92.0667,9.12,76,84,5.1
264,Gizo,SB,2021-03-27 18:30:11,-8.103,156.8419,81.93,76,41,6.69
265,Leningradskiy,RU,2021-03-27 18:22:59,69.3833,178.4167,-18.6,91,20,7.02
266,Wewak,PG,2021-03-27 18:30:12,-3.5534,143.6268,78.19,85,100,0.49
267,Pangody,RU,2021-03-27 18:26:57,65.85,74.4859,-4.47,98,74,9.69
268,Falam,MM,2021-03-27 18:30:13,22.9167,93.6833,58.82,24,26,4.05
269,Strassen,LU,2021-03-27 18:30:13,49.6206,6.0733,43.0,87,75,5.75
270,Grand Gaube,MU,2021-03-27 18:30:13,-20.0064,57.6608,78.01,84,100,6.04
271,Emerald,AU,2021-03-27 18:30:14,-23.5333,148.1667,69.8,88,12,6.89
272,Maceio,BR,2021-03-27 18:30:14,-9.6658,-35.7353,75.2,94,75,3.44
273,Bahia Blanca,AR,2021-03-27 18:30:09,-38.7196,-62.2724,68.61,43,0,14.56
274,Yulara,AU,2021-03-27 18:26:04,-25.2406,130.9889,73.4,78,100,5.75
275,Marion,US,2021-03-27 18:26:17,39.7684,-86.1555,70.0,49,20,11.5
276,Port Hedland,AU,2021-03-27 18:26:51,-20.3167,118.5667,78.8,94,12,5.75
277,Huarmey,PE,2021-03-27 18:30:15,-10.0681,-78.1522,74.98,73,65,8.93
278,Huejucar,MX,2021-03-27 18:30:15,22.35,-103.2167,82.65,4,40,12.95
279,Piacabucu,BR,2021-03-27 18:30:16,-10.4056,-36.4344,81.09,71,65,11.45
280,Bull Savanna,JM,2021-03-27 18:30:16,17.8868,-77.5902,81.21,62,22,18.05
281,Petropavlovsk-Kamchatskiy,RU,2021-03-27 18:30:16,53.0452,158.6483,28.4,54,98,26.84
282,Hattiesburg,US,2021-03-27 18:30:17,31.3271,-89.2903,84.2,54,40,21.85
283,Tocopilla,CL,2021-03-27 18:30:17,-22.092,-70.1979,72.0,69,14,6.87
284,Dwarka,IN,2021-03-27 18:22:46,22.2394,68.9678,79.45,71,39,14.67
285,Cedar City,US,2021-03-27 18:30:18,37.6775,-113.0619,48.0,39,20,10.36
286,Talnakh,RU,2021-03-27 18:30:18,69.4865,88.3972,10.78,97,96,1.52
287,Pangnirtung,CA,2021-03-27 18:26:12,66.1451,-65.7125,-5.96,79,52,3.51
288,Kodinsk,RU,2021-03-27 18:30:19,58.6881,99.1844,21.16,97,100,3.42
289,Sorland,NO,2021-03-27 18:27:10,67.667,12.6934,39.34,89,100,30.91
290,Pringsewu,ID,2021-03-27 18:30:20,-5.3582,104.9744,73.83,96,100,2.37
291,Yueyang,CN,2021-03-27 18:30:20,29.3333,113.0919,55.18,90,0,4.7
292,Moron,AR,2021-03-27 18:30:20,-34.6534,-58.6198,73.4,73,75,12.66
293,Baturite,BR,2021-03-27 18:30:21,-4.3286,-38.8847,78.21,85,97,3.83
294,Puerto Escondido,MX,2021-03-27 18:30:21,15.85,-97.0667,86.0,84,1,12.66
295,Carndonagh,IE,2021-03-27 18:30:22,55.25,-7.2667,44.85,92,100,20.76
296,Milan,IT,2021-03-27 18:26:07,45.4643,9.1895,59.0,71,99,1.14
297,Eregli,TR,2021-03-27 18:30:22,37.5133,34.0467,32.76,66,7,4.68
298,Jinchang,CN,2021-03-27 18:30:22,38.4953,102.1739,47.01,42,100,3.94
299,Sturgeon Falls,CA,2021-03-27 18:30:23,46.3646,-79.9326,37.0,74,90,9.22
300,Santa Fe,AR,2021-03-27 18:30:11,-31.6333,-60.7,75.0,46,28,1.99
301,Puebloviejo,CO,2021-03-27 18:30:23,10.9938,-74.2844,96.01,58,20,16.11
302,Solvychegodsk,RU,2021-03-27 18:30:24,61.3305,46.9156,29.25,97,100,1.34
303,Saint-Quentin,FR,2021-03-27 18:30:24,49.8333,3.3333,46.4,66,90,5.75
304,Cap-Aux-Meules,CA,2021-03-27 18:30:24,47.3821,-61.8597,30.2,80,100,28.77
305,Portland,US,2021-03-27 18:26:55,45.5234,-122.6762,53.01,58,75,3.44
306,Diego De Almagro,CL,2021-03-27 18:30:25,-26.3667,-70.05,81.12,16,0,12.62
307,Havre-Saint-Pierre,CA,2021-03-27 18:30:25,50.2334,-63.5986,28.4,37,1,4.61
308,Pontecorvo,IT,2021-03-27 18:28:06,41.4616,13.6667,57.0,68,100,3.0
309,Dustlik,UZ,2021-03-27 18:30:25,40.5247,68.0358,55.27,89,88,5.26
310,Artyshta,RU,2021-03-27 18:30:26,54.1222,86.2909,31.28,94,100,12.68
311,Baruun-Urt,MN,2021-03-27 18:30:26,46.6806,113.2792,29.48,70,99,27.83
312,Manaure,CO,2021-03-27 18:26:40,11.7751,-72.4445,87.93,47,5,21.77
313,Beloha,MG,2021-03-27 18:30:27,-25.1667,45.05,74.89,70,67,4.29
314,Ribeira Grande,PT,2021-03-27 18:30:27,38.5167,-28.7,64.4,82,40,12.66
315,Cody,US,2021-03-27 18:30:27,44.5263,-109.0565,48.0,29,90,11.5
316,Caravelas,BR,2021-03-27 18:25:37,-17.7125,-39.2481,84.69,53,0,9.08
317,West Wendover,US,2021-03-27 18:30:28,40.7391,-114.0733,50.0,37,1,9.22
318,Faanui,PF,2021-03-27 18:22:46,-16.4833,-151.75,82.56,73,52,21.34
319,Lukovetskiy,RU,2021-03-27 18:30:28,64.2956,41.9211,26.6,86,0,4.47
320,Kutum,SD,2021-03-27 18:22:25,14.2,24.6667,73.18,14,88,14.52
321,Fort Saint James,CA,2021-03-27 18:30:29,54.4333,-124.25,40.23,78,100,7.16
322,Nikolskoye,RU,2021-03-27 18:22:18,59.7035,30.7861,42.8,65,0,4.47
323,Bengkulu,ID,2021-03-27 18:26:49,-3.8004,102.2655,76.28,91,100,6.82
324,Samarai,PG,2021-03-27 18:30:30,-10.6167,150.6667,82.85,78,36,13.87
325,Touros,BR,2021-03-27 18:30:30,-5.1989,-35.4608,82.4,78,75,10.36
326,Kysyl-Syr,RU,2021-03-27 18:30:30,63.8986,122.7617,7.07,98,98,3.62
327,Hami,CN,2021-03-27 18:30:31,42.8,93.45,55.71,42,100,8.14
328,Indre Arna,NO,2021-03-27 18:30:31,60.4247,5.4764,43.0,81,75,6.91
329,Mulchen,CL,2021-03-27 18:30:32,-37.7167,-72.2333,80.6,28,0,12.66
330,Fort Nelson,CA,2021-03-27 18:30:32,58.8053,-122.7002,32.0,55,75,5.88
331,Aitape,PG,2021-03-27 18:30:32,-3.1374,142.3475,77.25,88,100,3.69
332,Praya,CV,2021-03-27 18:26:40,14.9215,-23.5087,73.4,56,40,13.8
333,Uinskoye,RU,2021-03-27 18:30:33,56.8817,56.5813,27.48,85,100,12.75
334,Lavrentiya,RU,2021-03-27 18:21:50,65.5833,-171.0,-15.38,89,12,4.52
335,Pestravka,RU,2021-03-27 18:30:33,52.405,49.9583,33.48,99,100,8.14
336,Usvyaty,RU,2021-03-27 18:30:33,55.7456,30.7533,31.82,92,44,5.23
337,Dunedin,NZ,2021-03-27 18:29:48,-45.8742,170.5036,62.01,68,89,5.57
338,Den Helder,NL,2021-03-27 18:26:28,52.9599,4.7593,44.6,70,75,13.8
339,Lagos,NG,2021-03-27 18:30:34,6.5833,3.75,87.8,70,20,6.91
340,Vanimo,PG,2021-03-27 18:30:34,-2.6741,141.3028,76.96,90,100,3.33
341,San Jose,US,2021-03-27 18:26:01,37.3394,-121.895,72.0,32,1,1.1
342,Beitbridge,ZW,2021-03-27 18:30:35,-22.2167,30.0,79.36,30,3,8.72
343,Kuryk,KZ,2021-03-27 18:30:35,43.2,51.65,42.31,77,39,18.28
344,Camocim,BR,2021-03-27 18:30:35,-2.9022,-40.8411,76.17,90,100,7.43
345,Akdepe,TM,2021-03-27 18:30:36,42.0551,59.3788,51.8,58,0,4.61
346,Pemba,MZ,2021-03-27 18:30:36,-12.974,40.5178,78.8,94,75,8.05
347,Naze,JP,2021-03-27 18:30:36,28.3667,129.4833,66.79,88,97,19.66
348,Victoria,HK,2021-03-27 18:22:54,22.2855,114.1577,73.99,89,13,2.68
349,Seoul,KR,2021-03-27 18:26:23,37.5683,126.9778,55.4,93,90,13.8
350,Abu Dhabi,AE,2021-03-27 18:28:13,24.4667,54.3667,82.4,57,0,4.61
351,Port Keats,AU,2021-03-27 18:30:37,-14.25,129.55,80.74,64,96,6.35
352,Naousa,GR,2021-03-27 18:30:37,40.6329,22.0534,54.0,52,96,1.07
353,Bambous Virieux,MU,2021-03-27 18:26:35,-20.3428,57.7575,78.01,94,75,6.91
354,Abu Samrah,SY,2021-03-27 18:30:38,35.3029,37.1841,44.46,61,0,7.14
355,Carnarvon,AU,2021-03-27 18:23:35,-24.8667,113.6333,75.2,83,0,6.91
356,Morant Bay,JM,2021-03-27 18:30:38,17.8815,-76.4093,86.0,66,20,25.32
357,Pafos,CY,2021-03-27 18:26:04,34.7667,32.4167,48.2,57,20,8.05
358,Barranca,PE,2021-03-27 18:30:39,-10.75,-77.7667,74.14,69,18,8.55
359,Narasannapeta,IN,2021-03-27 18:30:39,18.4167,84.05,77.72,79,6,3.53
360,Semnan,IR,2021-03-27 18:30:39,35.5729,53.3971,59.72,28,0,9.86
361,Pecos,US,2021-03-27 18:30:40,31.4229,-103.4932,69.8,16,1,6.91
362,Quatre Cocos,MU,2021-03-27 18:30:40,-20.2078,57.7625,78.01,94,75,6.91
363,San Gabriel Casa Blanca,MX,2021-03-27 18:30:41,18.15,-97.1333,95.92,19,0,2.21
364,Bulgan,MN,2021-03-27 18:30:41,48.8125,103.5347,19.6,87,8,2.42
365,Shieli,KZ,2021-03-27 18:30:41,44.1667,66.75,50.05,51,12,6.08
366,Wanxian,CN,2021-03-27 18:30:41,30.8039,108.3897,59.54,84,0,1.52
367,Vao,NC,2021-03-27 18:25:57,-22.6667,167.4833,77.63,80,6,11.23
368,Baykit,RU,2021-03-27 18:30:42,61.67,96.37,20.05,99,98,2.15
369,Palmer,US,2021-03-27 18:30:42,42.1584,-72.3287,63.0,36,20,16.11
370,Milici,BA,2021-03-27 18:27:02,44.1711,19.0903,60.8,39,40,4.61
371,Greensburg,US,2021-03-27 18:30:43,40.3015,-79.5389,66.99,45,90,9.22
372,Sorong,ID,2021-03-27 18:27:10,-0.8833,131.25,76.12,94,100,2.93
373,Zheleznodorozhnyy,RU,2021-03-27 18:30:43,55.7503,38.0042,39.2,60,0,4.47
374,Linqiong,CN,2021-03-27 18:30:44,30.4159,103.4609,57.2,77,0,1.68
375,Ternate,ID,2021-03-27 18:30:44,0.8,127.4,80.89,83,100,13.73
376,Khromtau,KZ,2021-03-27 18:30:44,50.2503,58.4347,25.66,93,100,10.42
377,Allende,MX,2021-03-27 18:30:45,25.2833,-100.0167,91.4,25,20,9.22
378,Stephenville,US,2021-03-27 18:30:45,32.2207,-98.2023,73.4,56,1,8.05
379,Lata,PT,2021-03-27 18:30:46,40.1629,-8.3327,61.0,75,67,5.99
380,Icatu,BR,2021-03-27 18:30:46,-2.7758,-44.0658,86.0,79,75,13.8
381,Merrill,US,2021-03-27 18:28:32,45.1805,-89.6835,39.2,93,90,8.05
382,Troitskoye,RU,2021-03-27 18:30:47,52.9821,84.6757,32.7,93,100,9.31
383,Shaowu,CN,2021-03-27 18:30:47,27.3409,117.4831,66.61,98,82,3.47
384,Souillac,MU,2021-03-27 18:26:09,-20.5167,57.5167,75.2,94,75,6.91
385,Dingle,PH,2021-03-27 18:30:48,10.9995,122.6711,75.85,86,55,6.35
386,Minna,NG,2021-03-27 18:27:19,9.6139,6.5569,91.65,12,23,4.92
387,Gamba,GA,2021-03-27 18:26:02,-2.65,10.0,79.65,81,100,6.42
388,Nindiri,NI,2021-03-27 18:30:48,12.0039,-86.1213,91.4,38,20,23.02
389,Manama,BH,2021-03-27 18:27:24,26.2154,50.5832,77.0,69,0,19.57
390,Petatlan,MX,2021-03-27 18:30:48,17.5167,-101.2667,86.0,66,1,7.99
391,Lumby,CA,2021-03-27 18:30:49,50.2498,-118.969,54.0,40,90,1.14
392,Crosby,GB,2021-03-27 18:30:49,53.4778,-3.0333,48.99,73,100,7.0
393,Tilichiki,RU,2021-03-27 18:30:50,60.4667,166.1,-3.44,92,100,11.03
394,Sola,VU,2021-03-27 18:30:50,-13.8833,167.55,82.65,75,61,15.5
395,Zambezi,ZM,2021-03-27 18:30:51,-13.5432,23.1047,66.61,91,77,4.5
396,Shaunavon,CA,2021-03-27 18:30:51,49.6501,-108.4181,35.6,64,97,8.05
397,Afra,DZ,2021-03-27 18:30:51,36.6208,4.8942,60.8,88,75,4.61
398,Cairo Montenotte,IT,2021-03-27 18:30:52,44.4031,8.2746,55.0,99,47,3.74
399,Dawlatabad,AF,2021-03-27 18:30:52,36.4141,64.9053,62.73,80,100,12.06
400,Ontario,US,2021-03-27 18:30:09,34.0633,-117.6509,72.0,26,1,5.75
401,Moyale,KE,2021-03-27 18:30:53,3.5167,39.0584,74.89,34,100,6.98
402,Miri,MY,2021-03-27 18:30:53,4.4148,114.0089,77.0,94,20,4.61
403,Beringovskiy,RU,2021-03-27 18:30:53,63.05,179.3167,-10.55,99,100,2.82
404,Roma,US,2021-03-27 18:27:33,43.2128,-75.4557,46.99,57,90,4.61
405,Princeton,US,2021-03-27 18:27:39,25.5384,-80.4089,86.0,61,40,13.8
406,Trairi,BR,2021-03-27 18:30:54,-3.2778,-39.2689,79.5,82,52,7.81
407,Pacific Grove,US,2021-03-27 18:29:47,36.6177,-121.9166,70.0,32,1,4.61
408,Knysna,ZA,2021-03-27 18:30:54,-34.0363,23.0471,60.8,77,40,2.3
409,Hokitika,NZ,2021-03-27 18:30:55,-42.7167,170.9667,61.27,98,94,10.22
410,Chara,RU,2021-03-27 18:30:55,56.9064,118.2631,13.86,84,100,3.13
411,Port Lincoln,AU,2021-03-27 18:26:33,-34.7333,135.8667,58.21,77,36,2.1
412,Toyooka,JP,2021-03-27 18:30:55,35.5333,134.8333,56.82,71,100,17.65
413,Luderitz,NA,2021-03-27 18:23:15,-26.6481,15.1594,66.96,71,0,19.91
414,Corner Brook,CA,2021-03-27 18:30:56,48.9667,-57.9484,30.2,74,90,20.71
415,San Patricio,US,2021-03-27 18:27:03,28.017,-97.5169,84.0,69,75,16.11
416,Teya,RU,2021-03-27 18:30:56,60.3778,92.6267,24.6,96,100,4.9
417,Verkhnyaya Inta,RU,2021-03-27 18:25:46,65.9811,60.3094,22.69,91,100,13.65
418,Hasaki,JP,2021-03-27 18:30:57,35.7333,140.8333,57.2,72,75,10.36
419,Orlovskiy,RU,2021-03-27 18:30:57,46.8714,42.0592,36.81,95,100,8.55
420,Tefe,BR,2021-03-27 18:30:57,-3.3542,-64.7114,87.8,70,40,6.91
421,Rambha,IN,2021-03-27 18:30:58,19.5167,85.1,77.29,73,3,4.27
422,Shimoda,JP,2021-03-27 18:30:58,34.6667,138.95,61.0,56,100,1.99
423,Kushima,JP,2021-03-27 18:30:58,31.4583,131.2333,63.63,93,100,14.81
424,Valparaiso,CL,2021-03-27 18:30:59,-33.0393,-71.6273,77.0,38,0,6.91
425,San Juan,AR,2021-03-27 18:30:45,-31.5375,-68.5364,73.83,21,0,4.43
426,Charters Towers,AU,2021-03-27 18:30:59,-20.1,146.2667,70.03,86,0,6.44
427,Coahuayana,MX,2021-03-27 18:31:00,18.7333,-103.6833,80.6,41,20,9.22
428,Dzhebariki-Khaya,RU,2021-03-27 18:31:00,62.2167,135.8,13.87,97,100,1.3
429,Ladario,BR,2021-03-27 18:31:00,-19.0047,-57.6017,91.4,55,40,8.05
430,Mokhotlong,LS,2021-03-27 18:31:01,-29.2894,29.0675,50.81,69,87,2.73
431,Thunder Bay,CA,2021-03-27 18:31:01,48.4001,-89.3168,36.0,80,90,9.22
432,Lookan,PH,2021-03-27 18:31:02,5.037,120.1027,80.29,81,79,5.21
433,Lompoc,US,2021-03-27 18:27:59,34.6391,-120.4579,69.01,39,20,3.71
434,Bilma,NE,2021-03-27 18:31:02,18.6853,12.9164,75.15,14,0,9.26
435,Belaya Kholunitsa,RU,2021-03-27 18:31:03,58.84,50.8528,20.88,93,15,5.19
436,Bahia Honda,CU,2021-03-27 18:31:03,22.9036,-83.1592,86.29,46,0,10.22
437,Totness,SR,2021-03-27 18:31:03,5.8833,-56.3167,82.15,72,57,12.19
438,Kijang,KR,2021-03-27 18:31:04,35.2442,129.2139,60.8,94,90,12.66
439,Kyaukse,MM,2021-03-27 18:31:04,21.6,96.1333,73.4,94,40,3.44
440,Varena,LT,2021-03-27 18:31:04,54.2167,24.5667,50.0,53,0,9.22
441,Sayat,TM,2021-03-27 18:31:05,38.7839,63.8803,60.8,100,90,4.61
442,Scottsbluff,US,2021-03-27 18:31:05,41.8666,-103.6672,46.99,87,90,19.57
443,Slupsk,PL,2021-03-27 18:31:05,54.4641,17.0287,40.14,84,14,11.01
444,Safford,US,2021-03-27 18:31:06,32.834,-109.7076,59.0,38,1,11.5
445,Aseri,EE,2021-03-27 18:31:06,59.4506,26.8675,40.44,83,99,11.16
446,Saint George,US,2021-03-27 18:26:34,37.1041,-113.5841,61.0,28,1,4.61
447,Diphu,IN,2021-03-27 18:31:07,25.8333,93.4333,66.81,25,0,0.83
448,Dhanera,IN,2021-03-27 18:31:07,24.5167,72.0167,79.75,25,0,7.4
449,Hlobyne,UA,2021-03-27 18:31:07,49.3878,33.2596,42.08,79,28,3.91
450,Cuite,BR,2021-03-27 18:31:08,-6.4836,-36.1536,78.76,61,100,13.02
451,Salas,ES,2021-03-27 18:31:08,43.4118,-6.2602,55.99,76,0,10.36
452,Altamira,BR,2021-03-27 18:31:09,-3.2033,-52.2064,84.2,70,20,6.91
453,Luganville,VU,2021-03-27 18:31:09,-15.5333,167.1667,79.65,85,87,6.42
454,Chicama,PE,2021-03-27 18:31:09,-7.8447,-79.1469,73.4,78,0,11.5
455,Kletskaya,RU,2021-03-27 18:31:10,49.3145,43.0584,35.01,87,100,1.99
456,Luwuk,ID,2021-03-27 18:31:10,-0.9516,122.7875,77.4,85,100,4.09
457,Vila,PT,2021-03-27 18:31:10,42.0304,-8.1588,63.0,49,0,5.99
458,Orlik,RU,2021-03-27 18:31:11,52.5178,99.825,-3.73,96,41,3.22
459,Labuhan,ID,2021-03-27 18:26:16,-6.8844,112.2051,79.61,81,55,1.23
460,Mahanoro,MG,2021-03-27 18:31:11,-19.9,48.8,76.32,90,15,2.51
461,Severo-Kurilsk,RU,2021-03-27 18:31:12,50.6789,156.125,26.47,80,100,35.3
462,Ust-Tarka,RU,2021-03-27 18:31:12,55.5672,75.705,18.7,99,100,3.65
463,Ramhormoz,IR,2021-03-27 18:31:13,31.28,49.6035,75.2,25,0,18.41
464,Necochea,AR,2021-03-27 18:31:13,-38.5473,-58.7368,66.99,67,80,7.0
465,Stornoway,GB,2021-03-27 18:31:13,58.2093,-6.3865,44.6,87,90,32.21
466,Zanjan,IR,2021-03-27 18:29:45,36.6736,48.4787,38.39,35,9,15.39
467,Manaus,BR,2021-03-27 18:31:14,-3.1019,-60.025,80.6,89,40,3.44
468,Bay City,US,2021-03-27 18:31:14,43.5945,-83.8889,50.0,57,40,3.36
469,Mecca,SA,2021-03-27 18:31:15,21.4267,39.8261,73.17,52,0,7.63
470,Lasa,IT,2021-03-27 18:22:36,46.6166,10.7002,60.8,65,0,4.61
471,Asosa,ET,2021-03-27 18:31:15,10.0667,34.5333,68.92,48,96,2.08
472,Itinga,BR,2021-03-27 18:31:16,-16.6131,-41.7653,94.66,26,13,2.17
473,Banda Aceh,ID,2021-03-27 18:31:16,5.5577,95.3222,78.91,80,100,7.63
474,Hovd,MN,2021-03-27 18:21:31,48.0056,91.6419,27.63,29,81,1.81
475,Aykhal,RU,2021-03-27 18:26:23,66.0,111.5,-1.14,99,72,5.08
476,Bucerias,MX,2021-03-27 18:31:07,20.75,-105.3333,73.4,64,1,8.05
477,Dongli,CN,2021-03-27 18:31:17,23.5656,116.8194,68.0,88,31,1.86
478,Bangolo,CI,2021-03-27 18:31:17,7.0069,-7.475,80.28,69,41,2.3
479,Nador,MA,2021-03-27 18:31:18,35.174,-2.9287,62.6,77,40,10.36
480,Kongolo,CD,2021-03-27 18:31:18,-5.3833,27.0,70.47,92,14,0.6
481,Aquiraz,BR,2021-03-27 18:31:19,-3.9014,-38.3911,78.01,94,75,4.61
482,Canon City,US,2021-03-27 18:27:12,38.441,-105.2424,53.6,17,1,9.22
483,Mitsamiouli,KM,2021-03-27 18:31:19,-11.3847,43.2844,82.76,71,46,3.18
484,Adrar,MR,2021-03-27 18:31:20,20.5022,-10.0711,85.71,5,4,8.25
485,Merauke,ID,2021-03-27 18:31:20,-8.4667,140.3333,78.04,88,12,7.52
486,Mandan,US,2021-03-27 18:29:16,46.8267,-100.8896,39.2,80,90,16.11
487,Yulin,CN,2021-03-27 18:31:20,22.6333,110.15,71.29,88,45,1.41
488,Hualmay,PE,2021-03-27 18:26:43,-11.0964,-77.6139,75.52,69,43,9.24
489,Novyy Urengoy,RU,2021-03-27 18:26:59,66.0833,76.6333,0.91,96,95,13.2
490,Tual,ID,2021-03-27 18:31:21,-5.6667,132.75,82.44,77,100,4.7
491,Kayankulam,IN,2021-03-27 18:31:21,9.1833,76.5,79.92,84,99,3.49
492,Griffith,US,2021-03-27 18:31:22,41.5284,-87.4237,66.99,59,40,13.8
493,Moose Factory,CA,2021-03-27 18:27:05,51.2585,-80.6094,28.4,50,1,2.3
494,Sao Jose Da Coroa Grande,BR,2021-03-27 18:31:22,-8.8978,-35.1478,80.92,75,69,8.21
495,Kharitonovo,RU,2021-03-27 18:31:22,61.4009,47.4978,29.7,91,100,1.36
496,Manokwari,ID,2021-03-27 18:31:23,-0.8667,134.0833,77.47,83,100,3.76
497,Opuwo,NA,2021-03-27 18:31:23,-18.0607,13.84,75.97,57,100,3.18
498,Tulum,MX,2021-03-27 18:30:43,20.2167,-87.4667,87.8,55,75,20.71
499,Egvekinot,RU,2021-03-27 18:31:24,66.3167,-179.1667,-16.98,97,55,2.46
500,Hinton,CA,2021-03-27 18:31:24,53.4001,-117.5857,44.6,45,98,6.91
501,Chemal,RU,2021-03-27 18:31:24,51.4111,86.005,30.34,92,22,4.63
502,Kolaras,IN,2021-03-27 18:31:25,25.2333,77.6,81.25,18,0,4.32
503,Marihatag,PH,2021-03-27 18:31:25,8.7936,126.2969,75.79,88,85,4.88
504,Kurumkan,RU,2021-03-27 18:26:42,54.3,110.3,14.22,88,53,5.44
505,Coihaique,CL,2021-03-27 18:26:33,-45.5752,-72.0662,64.4,52,75,4.61
506,Mumford,GH,2021-03-27 18:31:26,5.2618,-0.759,80.28,84,69,6.73
507,Chardara,KZ,2021-03-27 18:31:26,41.2547,67.9692,55.62,89,34,10.04
508,Havoysund,NO,2021-03-27 18:31:26,70.9963,24.6622,37.4,75,75,3.44
509,Oboyan,RU,2021-03-27 18:31:27,51.2098,36.2792,39.2,75,75,8.95
510,Atchison,US,2021-03-27 18:31:27,39.563,-95.1216,54.0,90,100,14.72
511,Paamiut,GL,2021-03-27 18:31:27,61.994,-49.6678,2.79,72,0,33.73
512,Daru,PG,2021-03-27 18:31:28,-9.0763,143.2092,79.88,84,100,7.2
513,Oussouye,SN,2021-03-27 18:31:28,12.485,-16.5469,95.0,65,0,9.22
514,Limoges,FR,2021-03-27 18:28:21,45.75,1.3333,50.0,50,0,1.14
515,Lebu,CL,2021-03-27 18:22:30,-37.6167,-73.65,60.46,69,65,19.19
516,Alta Floresta,BR,2021-03-27 18:26:29,-9.8756,-56.0861,91.4,55,40,4.61
517,Hay River,CA,2021-03-27 18:31:29,60.8156,-115.7999,28.4,40,100,9.22
518,Elizabeth City,US,2021-03-27 18:31:30,36.2946,-76.2511,68.0,48,90,12.66
519,Fredericton,CA,2021-03-27 18:30:09,45.9454,-66.6656,32.0,80,90,10.36
520,Behshahr,IR,2021-03-27 18:31:30,36.6923,53.5526,52.68,86,100,14.25
521,Centralina,BR,2021-03-27 18:31:30,-18.5839,-49.1994,90.46,32,100,4.7
522,Ngunguru,NZ,2021-03-27 18:26:29,-35.6167,174.5,66.99,84,100,8.99
523,Ugoofaaru,MV,2021-03-27 18:31:31,5.6667,73.0,83.1,72,100,12.28
524,Beni Mazar,EG,2021-03-27 18:31:31,28.4962,30.8029,60.78,37,0,24.32
525,Geraldton,AU,2021-03-27 18:23:06,-28.7667,114.6,64.4,72,3,9.22
526,Oberhausen,DE,2021-03-27 18:31:32,51.4667,6.85,46.4,49,0,10.36
527,Cockburn Town,TC,2021-03-27 18:27:06,21.4612,-71.1419,77.47,74,0,20.04
528,Polyarnyy,RU,2021-03-27 18:31:32,69.1989,33.4478,39.2,75,75,8.95
529,Ust-Maya,RU,2021-03-27 18:31:32,60.4167,134.5333,21.74,97,100,3.31
530,Narrabri,AU,2021-03-27 18:31:33,-30.3167,149.7833,55.4,88,0,3.44
531,Angoche,MZ,2021-03-27 18:26:28,-16.2325,39.9086,79.56,81,45,8.19
532,Vermillion,US,2021-03-27 18:31:33,42.7794,-96.9292,46.0,81,90,14.97
533,Betsiamites,CA,2021-03-27 18:26:32,48.9413,-68.646,28.4,59,1,17.27
534,Ust-Tsilma,RU,2021-03-27 18:31:34,65.441,52.1498,18.81,94,85,5.97
535,Kirakira,SB,2021-03-27 18:31:34,-10.4544,161.9205,80.46,83,17,9.15
536,Lagunas,PE,2021-03-27 18:31:35,-5.2269,-75.6753,80.08,78,100,4.07
537,Ketchikan,US,2021-03-27 18:29:06,55.3422,-131.6461,42.8,93,90,11.5
538,La Macarena,CO,2021-03-27 18:31:35,2.1837,-73.7849,84.38,66,53,7.45
539,Changping,CN,2021-03-27 18:31:35,40.2186,116.2197,55.0,87,75,4.47
540,Valu Lui Traian,RO,2021-03-27 18:31:36,44.1667,28.4667,45.0,65,0,10.36
541,Karakol,KG,2021-03-27 18:31:36,42.4907,78.3936,41.7,74,100,3.53
542,Gobabis,NA,2021-03-27 18:31:36,-22.45,18.9667,72.36,35,1,10.02
543,Lohja,FI,2021-03-27 18:31:37,60.2486,24.0653,41.0,81,87,5.99
544,Nemuro,JP,2021-03-27 18:31:37,43.3236,145.575,34.88,81,100,15.75
545,Sabang,ID,2021-03-27 18:31:37,5.8933,95.3214,80.56,79,100,10.07
546,Iglesias,IT,2021-03-27 18:31:38,39.3114,8.535,60.8,82,0,10.36
547,Three Hills,CA,2021-03-27 18:31:38,51.7001,-113.2686,41.0,75,89,6.91
548,Korla,CN,2021-03-27 18:31:38,41.7597,86.1469,52.43,60,32,11.7
549,Coquimbo,CL,2021-03-27 18:23:29,-29.9533,-71.3436,62.6,72,20,13.8
550,Grevesmuhlen,DE,2021-03-27 18:31:39,53.8667,11.1833,42.01,81,9,5.99
551,Moundsville,US,2021-03-27 18:31:39,39.9203,-80.7431,66.99,48,1,5.75
552,Wagar,SD,2021-03-27 18:31:40,16.1525,36.2032,75.16,55,5,23.13
553,Dandong,CN,2021-03-27 18:31:40,40.1292,124.3947,45.18,87,100,3.47
554,San Francisco,US,2021-03-27 18:27:32,37.7749,-122.4194,66.0,67,1,6.91
555,Vangaindrano,MG,2021-03-27 18:31:41,-23.35,47.6,75.2,91,1,4.29
556,Rio Grande,BR,2021-03-27 18:31:41,-32.035,-52.0986,80.6,65,40,8.05
557,Parana,AR,2021-03-27 18:31:41,-31.732,-60.5238,75.0,56,36,1.01
558,Khandyga,RU,2021-03-27 18:31:42,62.6667,135.6,13.01,97,100,2.73
559,Namatanai,PG,2021-03-27 18:25:53,-3.6667,152.4333,78.93,80,100,9.08
560,Peque,CO,2021-03-27 18:31:42,7.0212,-75.9093,77.83,68,100,0.56
561,Moree,AU,2021-03-27 18:25:06,-29.4667,149.85,59.0,88,0,6.91
562,Kaeo,NZ,2021-03-27 18:25:36,-35.1,173.7833,66.99,84,100,8.99
563,Tezu,IN,2021-03-27 18:31:42,27.9167,96.1667,70.83,23,0,5.12
564,Ialibu,PG,2021-03-27 18:31:43,-6.2821,143.9935,55.99,97,100,2.37
565,At-Bashi,KG,2021-03-27 18:31:43,41.1702,75.8106,38.98,85,100,0.96
566,Basco,PH,2021-03-27 18:24:07,20.4487,121.9702,78.96,86,14,15.5
567,Elko,US,2021-03-27 18:30:09,41.0002,-115.5012,48.2,34,1,10.36
568,Belaya Gora,RU,2021-03-27 18:31:44,68.5333,146.4167,-5.67,97,100,3.42
